step,dataset_index,timestamp,actual_state_1,actual_action_0,actual_action_1,actual_action_2,actual_action_3,actual_action_4,actual_action_5,predicted_action_0,predicted_action_1,predicted_action_2,predicted_action_3,predicted_action_4,predicted_action_5
0,0,0.0,53.0,90.0,90.0,90.0,90.0,90.0,90.0,90.0,83.56573486328125,89.9477310180664,90.0,90.0,89.96151733398438
1,1,0.10000000149011612,53.0,90.0,90.0,90.0,90.0,90.0,90.0,90.0,81.6597900390625,90.25157165527344,90.0,90.0,90.08787536621094
2,2,0.20000000298023224,60.0,90.0,90.0,90.0,90.0,90.0,90.0,90.0,84.87006378173828,90.5809326171875,90.0,90.0,90.10059356689453
3,3,0.30000001192092896,69.0,90.0,90.0,90.0,90.0,90.0,90.0,90.0,87.30862426757812,90.11378479003906,90.0,90.0,90.1827392578125
4,4,0.4000000059604645,76.0,90.0,90.0,90.0,90.0,90.0,90.0,90.0,88.97281646728516,90.39501953125,90.0,90.0,90.15420532226562
5,5,0.5,84.0,90.0,90.0,90.0,90.0,90.0,90.0,90.0,90.06767272949219,90.564208984375,90.0,90.0,90.19122314453125
6,6,0.6000000238418579,90.0,90.0,90.0,90.0,90.0,90.0,90.0,90.0,88.21601867675781,90.59317016601562,90.0,90.0,90.11663818359375
7,7,0.699999988079071,90.0,90.0,90.0,90.0,90.0,90.0,90.0,90.0,87.875732421875,90.39472198486328,90.0,90.0,90.13968658447266
8,8,0.800000011920929,90.0,90.0,90.0,90.0,90.0,90.0,90.0,90.0,88.03287506103516,90.5832748413086,90.0,90.0,90.10052490234375
9,9,0.8999999761581421,90.0,90.0,90.0,90.0,90.0,90.0,90.0,90.0,88.71253967285156,90.64905548095703,90.0,90.0,90.02770233154297
10,10,1.0,90.0,90.0,90.0,90.0,90.0,90.0,90.0,90.0,91.42198181152344,90.35905456542969,90.0,90.0,90.03034973144531
11,11,1.100000023841858,90.0,90.0,90.0,90.0,90.0,90.0,90.0,90.0,90.5527572631836,90.50595092773438,90.0,90.0,90.00584411621094
12,12,1.2000000476837158,90.0,90.0,90.0,90.0,90.0,90.0,90.0,90.0,93.61087036132812,89.73859405517578,90.0,90.0,90.04071807861328
13,13,1.2999999523162842,90.0,90.0,90.0,90.0,90.0,90.0,90.0,90.0,95.69747924804688,89.3749771118164,90.0,90.0,90.0716323852539
14,14,1.399999976158142,90.0,90.0,90.0,90.0,90.0,90.0,90.0,90.0,93.95761108398438,90.34072875976562,90.0,90.0,90.07816314697266
15,15,1.5,90.0,90.0,90.0,90.0,90.0,90.0,90.0,90.0,95.26533508300781,90.25164031982422,90.0,90.0,90.03680419921875
16,16,1.600000023841858,90.0,90.0,90.0,90.0,90.0,90.0,90.0,90.0,93.12139892578125,90.4819564819336,90.0,90.0,90.00574493408203
17,17,1.7000000476837158,90.0,90.0,90.0,90.0,90.0,90.0,90.0,90.0,90.97817993164062,90.57534790039062,90.0,90.0,89.9865493774414
18,18,1.7999999523162842,90.0,90.0,90.0,90.0,90.0,90.0,90.0,90.0,88.19316864013672,90.29139709472656,90.0,90.0,90.0600814819336
19,19,1.899999976158142,90.0,90.0,90.0,90.0,90.0,90.0,90.0,90.0,94.66549682617188,90.3962173461914,90.0,90.0,90.06238555908203
20,20,2.0,90.0,90.0,90.0,90.0,90.0,90.0,90.0,90.0,92.9710693359375,90.55171203613281,90.0,90.0,90.001708984375
21,21,2.0999999046325684,90.0,90.0,90.0,90.0,90.0,90.0,90.0,90.0,94.5580062866211,90.55236053466797,90.0,90.0,90.04137420654297
22,22,2.200000047683716,90.0,90.0,90.0,90.0,90.0,90.0,90.0,90.0,94.28507995605469,90.36382293701172,90.0,90.0,90.00418853759766
23,23,2.299999952316284,90.0,90.0,90.0,90.0,90.0,90.0,90.0,90.0,88.3318862915039,89.88468170166016,90.0,90.0,90.0152816772461
24,24,2.4000000953674316,90.0,90.0,90.0,90.0,90.0,90.0,90.0,90.0,86.87033081054688,89.69441223144531,90.0,90.0,90.04459381103516
25,25,2.5,90.0,90.0,90.0,88.0,90.0,90.0,90.0,90.0,83.5295181274414,87.77922058105469,90.0,90.0,90.03186798095703
26,26,2.5999999046325684,90.0,90.0,90.0,86.0,90.0,90.0,90.0,90.0,87.51739501953125,86.79363250732422,90.0,90.0,90.08251190185547
27,27,2.700000047683716,90.0,90.0,90.0,84.0,90.0,90.0,90.0,90.0,91.3480224609375,82.40745544433594,90.0,90.0,90.00619506835938
28,28,2.799999952316284,90.0,90.0,90.0,82.0,90.0,90.0,90.0,90.0,90.9944076538086,80.15213775634766,90.0,90.0,90.05009460449219
29,29,2.9000000953674316,90.0,90.0,90.0,80.0,90.0,90.0,90.0,90.0,87.76085662841797,77.9804916381836,90.0,90.0,90.0565414428711
30,30,3.0,90.0,90.0,90.0,78.0,90.0,90.0,90.0,90.0,86.97900390625,77.0658187866211,90.0,90.0,90.09860229492188
31,31,3.0999999046325684,90.0,90.0,90.0,76.0,90.0,90.0,90.0,90.0,86.99868774414062,74.352294921875,90.0,90.0,89.98353576660156
32,32,3.200000047683716,90.0,90.0,90.0,74.0,90.0,90.0,90.0,90.0,89.69252014160156,72.75672149658203,90.0,90.0,90.02164459228516
33,33,3.299999952316284,90.0,90.0,90.0,74.0,90.0,90.0,90.0,90.0,87.01497650146484,72.41946411132812,90.0,90.0,90.02776336669922
34,34,3.4000000953674316,90.0,90.0,90.0,74.0,90.0,90.0,90.0,90.0,89.56632995605469,73.51664733886719,90.0,90.0,90.06449127197266
35,35,3.5,90.0,90.0,90.0,74.0,90.0,90.0,90.0,90.0,88.85382080078125,72.43830108642578,90.0,90.0,90.071533203125
36,36,3.5999999046325684,90.0,90.0,90.0,74.0,90.0,90.0,90.0,90.0,90.28105163574219,74.32286071777344,90.0,90.0,90.109619140625
37,37,3.700000047683716,90.0,90.0,90.0,74.0,90.0,90.0,90.0,90.0,91.61474609375,74.4448471069336,90.0,90.0,90.1189956665039
38,38,3.799999952316284,90.0,90.0,90.0,76.0,90.0,90.0,90.0,90.0,94.46458435058594,76.89339447021484,90.0,90.0,90.07887268066406
39,39,3.9000000953674316,90.0,90.0,90.0,78.0,90.0,90.0,90.0,90.0,91.75838470458984,79.92997741699219,90.0,90.0,90.07805633544922
40,40,4.0,90.0,90.0,90.0,80.0,90.0,90.0,90.0,90.0,93.3258056640625,81.75348663330078,90.0,90.0,90.07937622070312
41,41,4.099999904632568,90.0,90.0,90.0,82.0,90.0,90.0,90.0,90.0,94.16256713867188,84.54771423339844,90.0,90.0,90.00595092773438
42,42,4.199999809265137,90.0,90.0,90.0,84.0,90.0,90.0,90.0,90.0,97.16386413574219,84.8232192993164,90.0,90.0,89.98497009277344
43,43,4.300000190734863,90.0,90.0,90.0,86.0,90.0,90.0,90.0,90.0,96.1669921875,86.40509796142578,90.0,90.0,89.97626495361328
44,44,4.400000095367432,90.0,90.0,90.0,86.0,90.0,90.0,90.0,90.0,96.71452331542969,86.1981201171875,90.0,90.0,89.98310852050781
45,45,4.5,90.0,90.0,90.0,86.0,90.0,90.0,90.0,90.0,97.59188842773438,86.07435607910156,90.0,90.0,89.98294830322266
46,46,4.599999904632568,90.0,90.0,90.0,86.0,90.0,90.0,90.0,90.0,95.3052978515625,86.06884765625,90.0,90.0,89.99774169921875
47,47,4.699999809265137,90.0,90.0,90.0,86.0,90.0,90.0,90.0,90.0,95.6338119506836,86.0443115234375,90.0,90.0,89.98876190185547
48,48,4.800000190734863,90.0,90.0,88.0,86.0,90.0,90.0,90.0,90.0,95.94972229003906,86.04837036132812,90.0,90.0,89.98611450195312
49,49,4.900000095367432,90.0,90.0,86.0,86.0,90.0,90.0,90.0,90.0,93.09373474121094,86.12417602539062,90.0,90.0,89.98888397216797
50,50,5.0,90.0,90.0,84.0,86.0,90.0,90.0,90.0,90.0,96.15554809570312,80.07207489013672,90.0,90.0,90.04475402832031
51,51,5.099999904632568,89.0,90.0,82.0,86.0,90.0,90.0,90.0,90.0,86.02336120605469,82.17797088623047,90.0,90.0,90.072021484375
52,52,5.199999809265137,90.0,90.0,80.0,86.0,90.0,90.0,90.0,90.0,86.20001983642578,82.01055908203125,90.0,90.0,90.01905059814453
53,53,5.300000190734863,86.0,90.0,78.0,86.0,90.0,90.0,90.0,90.0,85.59535217285156,82.39806365966797,90.0,90.0,89.98562622070312
54,54,5.400000095367432,85.0,90.0,76.0,86.0,90.0,90.0,90.0,90.0,82.54461669921875,83.55341339111328,90.0,90.0,89.964111328125
55,55,5.5,83.0,90.0,74.0,86.0,90.0,90.0,90.0,90.0,82.50907897949219,83.26686096191406,90.0,90.0,89.97146606445312
56,56,5.599999904632568,81.0,90.0,72.0,86.0,90.0,90.0,90.0,90.0,83.09184265136719,83.36914825439453,90.0,90.0,89.94139099121094
57,57,5.699999809265137,79.0,90.0,70.0,86.0,90.0,90.0,90.0,90.0,79.58285522460938,84.84324645996094,90.0,90.0,90.00110626220703
58,58,5.800000190734863,78.0,90.0,68.0,86.0,90.0,90.0,90.0,90.0,74.92755126953125,85.25320434570312,90.0,90.0,89.98395538330078
59,59,5.900000095367432,76.0,90.0,66.0,86.0,90.0,90.0,90.0,90.0,73.21183013916016,85.74160766601562,90.0,90.0,89.96623229980469
60,60,6.0,74.0,90.0,64.0,86.0,90.0,90.0,90.0,90.0,71.2222900390625,85.85441589355469,90.0,90.0,89.97990417480469
61,61,6.099999904632568,90.0,90.0,62.0,86.0,90.0,90.0,90.0,90.0,69.271484375,85.88603210449219,90.0,90.0,89.97713470458984
62,62,6.199999809265137,70.0,90.0,60.0,86.0,90.0,90.0,90.0,90.0,69.50023651123047,85.91571807861328,90.0,90.0,89.96858978271484
63,63,6.300000190734863,68.0,90.0,58.0,86.0,90.0,90.0,90.0,90.0,68.22913360595703,85.96622467041016,90.0,90.0,89.97515869140625
64,64,6.400000095367432,66.0,90.0,56.0,86.0,90.0,90.0,90.0,90.0,68.03264617919922,85.93077850341797,90.0,90.0,89.97938537597656
65,65,6.5,64.0,90.0,54.0,86.0,90.0,90.0,90.0,90.0,65.57482147216797,85.95021057128906,90.0,90.0,89.96795654296875
66,66,6.599999904632568,62.0,90.0,52.0,86.0,90.0,90.0,90.0,90.0,61.08095169067383,85.97480773925781,90.0,90.0,89.97454071044922
67,67,6.699999809265137,60.0,90.0,50.0,86.0,90.0,90.0,90.0,90.0,58.571495056152344,85.96104431152344,90.0,90.0,89.97097778320312
68,68,6.800000190734863,58.0,90.0,48.0,86.0,90.0,90.0,90.0,90.0,56.9520149230957,85.97085571289062,90.0,90.0,89.97499084472656
69,69,6.900000095367432,90.0,90.0,46.0,86.0,90.0,90.0,90.0,90.0,55.3072509765625,85.94902801513672,90.0,90.0,89.96322631835938
70,70,7.0,54.0,90.0,44.0,86.0,90.0,90.0,90.0,90.0,53.037635803222656,85.95356750488281,90.0,90.0,89.97394561767578
71,71,7.099999904632568,52.0,90.0,42.0,86.0,90.0,90.0,90.0,90.0,49.897613525390625,85.97944641113281,90.0,90.0,89.97694396972656
72,72,7.199999809265137,50.0,90.0,40.0,86.0,90.0,90.0,90.0,90.0,47.95773696899414,85.96768188476562,90.0,90.0,89.97774505615234
73,73,7.300000190734863,48.0,90.0,38.0,86.0,90.0,90.0,90.0,90.0,46.149574279785156,85.9884262084961,90.0,90.0,89.98054504394531
74,74,7.400000095367432,90.0,90.0,36.0,86.0,90.0,90.0,90.0,90.0,44.290992736816406,85.97383880615234,90.0,90.0,89.9762954711914
75,75,7.5,44.0,90.0,34.0,86.0,90.0,90.0,90.0,90.0,41.96308898925781,85.97795867919922,90.0,90.0,89.96609497070312
76,76,7.599999904632568,42.0,90.0,32.0,86.0,90.0,90.0,90.0,90.0,39.26749801635742,86.00264739990234,90.0,90.0,89.97561645507812
77,77,7.699999809265137,40.0,90.0,30.0,86.0,90.0,90.0,90.0,90.0,36.83929443359375,85.97549438476562,90.0,90.0,89.97689819335938
78,78,7.800000190734863,38.0,90.0,28.0,86.0,90.0,90.0,90.0,90.0,34.81904220581055,85.99076843261719,90.0,90.0,89.97203063964844
79,79,7.900000095367432,36.0,90.0,26.0,86.0,90.0,90.0,90.0,90.0,32.85031509399414,85.97830963134766,90.0,90.0,89.96976470947266
80,80,8.0,34.0,90.0,24.0,86.0,90.0,90.0,90.0,90.0,30.7651424407959,85.98953247070312,90.0,90.0,89.98225402832031
81,81,8.100000381469727,32.0,90.0,22.0,86.0,90.0,90.0,90.0,90.0,27.98250389099121,86.01547241210938,90.0,90.0,89.977294921875
82,82,8.199999809265137,30.0,90.0,20.0,86.0,90.0,90.0,90.0,90.0,25.476455688476562,85.98501586914062,90.0,90.0,89.98053741455078
83,83,8.300000190734863,28.0,90.0,18.0,86.0,90.0,90.0,90.0,90.0,22.727153778076172,85.97882080078125,90.0,90.0,89.97747039794922
84,84,8.399999618530273,26.0,90.0,16.0,86.0,90.0,90.0,90.0,90.0,20.214933395385742,85.97871398925781,90.0,90.0,89.97679138183594
85,85,8.5,24.0,90.0,16.0,86.0,90.0,90.0,90.0,90.0,17.27708625793457,85.9882583618164,90.0,90.0,89.9870834350586
86,86,8.600000381469727,22.0,90.0,16.0,86.0,90.0,90.0,90.0,90.0,14.373268127441406,85.99813079833984,90.0,90.0,89.98461151123047
87,87,8.699999809265137,20.0,90.0,18.0,86.0,90.0,90.0,90.0,90.0,12.040775299072266,85.96770477294922,90.0,90.0,89.96578979492188
88,88,8.800000190734863,19.0,90.0,20.0,86.0,90.0,90.0,90.0,90.0,10.498729705810547,85.98603820800781,90.0,90.0,89.97212219238281
89,89,8.899999618530273,19.0,90.0,22.0,86.0,90.0,90.0,90.0,90.0,8.69504165649414,85.95124816894531,90.0,90.0,89.97447967529297
90,90,9.0,18.0,90.0,24.0,86.0,90.0,90.0,90.0,90.0,6.950389862060547,85.9747543334961,90.0,90.0,89.9598388671875
91,91,9.100000381469727,90.0,90.0,26.0,86.0,90.0,90.0,90.0,90.0,12.688789367675781,85.99312591552734,90.0,90.0,90.00564575195312
92,92,9.199999809265137,19.0,90.0,28.0,86.0,90.0,90.0,90.0,90.0,11.938026428222656,85.97111511230469,90.0,90.0,90.00000762939453
93,93,9.300000190734863,20.0,90.0,30.0,86.0,90.0,90.0,90.0,90.0,16.511363983154297,85.99054718017578,90.0,90.0,89.99925231933594
94,94,9.399999618530273,23.0,90.0,32.0,86.0,90.0,90.0,90.0,90.0,14.646282196044922,85.98837280273438,90.0,90.0,89.98340606689453
95,95,9.5,24.0,90.0,34.0,86.0,90.0,90.0,90.0,90.0,16.216049194335938,86.00125122070312,90.0,90.0,89.9915542602539
96,96,9.600000381469727,90.0,90.0,36.0,86.0,90.0,90.0,90.0,90.0,16.15582847595215,85.98249816894531,90.0,90.0,89.98172760009766
97,97,9.699999809265137,28.0,90.0,38.0,86.0,90.0,90.0,90.0,90.0,11.81179428100586,85.9909439086914,90.0,90.0,89.97534942626953
98,98,9.800000190734863,30.0,90.0,40.0,86.0,90.0,90.0,90.0,90.0,11.906623840332031,85.98306274414062,90.0,90.0,89.97962188720703
99,99,9.899999618530273,32.0,90.0,42.0,86.0,90.0,90.0,90.0,90.0,11.045204162597656,85.97550964355469,90.0,90.0,89.97014617919922
100,100,10.0,34.0,90.0,44.0,86.0,90.0,90.0,90.0,90.0,37.81796646118164,85.98090362548828,90.0,90.0,89.98982238769531
101,101,10.100000381469727,36.0,90.0,46.0,86.0,90.0,90.0,90.0,90.0,41.959938049316406,85.99765014648438,90.0,90.0,89.97505950927734
102,102,10.199999809265137,38.0,90.0,48.0,86.0,90.0,90.0,90.0,90.0,45.983116149902344,85.99835968017578,90.0,90.0,90.00944519042969
103,103,10.300000190734863,40.0,90.0,50.0,86.0,90.0,90.0,90.0,90.0,45.47145080566406,86.01447296142578,90.0,90.0,89.98694610595703
104,104,10.399999618530273,42.0,90.0,52.0,86.0,90.0,90.0,90.0,90.0,47.75477600097656,85.99522399902344,90.0,90.0,89.9914779663086
105,105,10.5,44.0,90.0,54.0,86.0,90.0,90.0,90.0,90.0,49.857662200927734,86.00675201416016,90.0,90.0,90.0123291015625
106,106,10.600000381469727,46.0,90.0,56.0,86.0,90.0,90.0,90.0,90.0,51.838253021240234,86.00397491455078,90.0,90.0,90.01594543457031
107,107,10.699999809265137,48.0,90.0,58.0,86.0,90.0,90.0,90.0,90.0,53.81282043457031,85.99626159667969,90.0,90.0,90.0092544555664
108,108,10.800000190734863,50.0,90.0,58.0,86.0,90.0,90.0,90.0,90.0,55.68524932861328,85.99761199951172,90.0,90.0,89.99793243408203
109,109,10.899999618530273,52.0,90.0,58.0,86.0,90.0,90.0,90.0,90.0,57.9807243347168,86.00849151611328,90.0,90.0,90.00255584716797
110,110,11.0,54.0,90.0,58.0,86.0,90.0,90.0,90.0,90.0,60.355953216552734,86.00334930419922,90.0,90.0,89.99781036376953
111,111,11.100000381469727,56.0,90.0,58.0,86.0,90.0,90.0,90.0,90.0,62.28433609008789,86.0033950805664,90.0,90.0,90.0042495727539
112,112,11.199999809265137,56.0,90.0,58.0,86.0,90.0,90.0,90.0,90.0,63.24114990234375,85.99695587158203,90.0,90.0,90.0131607055664
113,113,11.300000190734863,90.0,90.0,58.0,86.0,90.0,90.0,90.0,90.0,65.44355010986328,86.00576782226562,90.0,90.0,89.9930191040039
114,114,11.399999618530273,56.0,90.0,56.0,86.0,90.0,90.0,90.0,90.0,69.22571563720703,85.9965591430664,90.0,90.0,89.98956298828125
115,115,11.5,56.0,90.0,54.0,86.0,90.0,90.0,90.0,90.0,70.37699890136719,86.00157928466797,90.0,90.0,90.00091552734375
116,116,11.600000381469727,56.0,90.0,56.0,86.0,90.0,90.0,90.0,90.0,72.57818603515625,86.0055160522461,90.0,90.0,89.99781036376953
117,117,11.699999809265137,56.0,90.0,58.0,86.0,90.0,90.0,90.0,90.0,75.37432861328125,86.01905822753906,90.0,90.0,90.00389862060547
118,118,11.800000190734863,56.0,90.0,60.0,86.0,90.0,90.0,90.0,90.0,79.6224136352539,86.02996826171875,90.0,90.0,90.00743103027344
119,119,11.899999618530273,56.0,90.0,62.0,86.0,90.0,90.0,90.0,90.0,81.5284423828125,86.02100372314453,90.0,90.0,90.00314331054688
120,120,12.0,57.0,90.0,64.0,86.0,90.0,90.0,90.0,90.0,83.75712585449219,86.00951385498047,90.0,90.0,89.99671173095703
121,121,12.100000381469727,58.0,90.0,66.0,86.0,90.0,90.0,90.0,90.0,84.56686401367188,86.00906372070312,90.0,90.0,90.00496673583984
122,122,12.199999809265137,90.0,90.0,68.0,86.0,90.0,90.0,90.0,90.0,87.205322265625,86.02149200439453,90.0,90.0,90.0033950805664
123,123,12.300000190734863,61.0,90.0,70.0,86.0,90.0,90.0,90.0,90.0,83.38455200195312,86.02050018310547,90.0,90.0,90.02041625976562
124,124,12.399999618530273,63.0,90.0,72.0,86.0,90.0,90.0,90.0,90.0,88.6478271484375,86.02080535888672,90.0,90.0,89.98872375488281
125,125,12.5,65.0,90.0,74.0,86.0,90.0,90.0,90.0,90.0,87.94845581054688,86.02318572998047,90.0,90.0,90.00160217285156
126,126,12.600000381469727,67.0,90.0,76.0,86.0,90.0,90.0,90.0,90.0,90.3804931640625,86.01667022705078,90.0,90.0,89.99982452392578
127,127,12.699999809265137,68.0,90.0,78.0,86.0,90.0,90.0,90.0,90.0,91.09330749511719,86.03106689453125,90.0,90.0,90.00237274169922
128,128,12.800000190734863,70.0,90.0,80.0,86.0,90.0,90.0,90.0,90.0,90.19554138183594,86.03202819824219,90.0,90.0,90.00245666503906
129,129,12.899999618530273,72.0,90.0,82.0,86.0,90.0,90.0,90.0,90.0,91.47491455078125,86.02687072753906,90.0,90.0,89.98983001708984
130,130,13.0,90.0,90.0,84.0,86.0,90.0,90.0,90.0,90.0,90.80897521972656,86.0120620727539,90.0,90.0,89.99104309082031
131,131,13.100000381469727,76.0,90.0,86.0,86.0,90.0,90.0,90.0,90.0,93.82913208007812,86.03240966796875,90.0,90.0,89.99507141113281
132,132,13.199999809265137,78.0,90.0,88.0,86.0,90.0,90.0,90.0,90.0,91.67025756835938,86.02668762207031,90.0,90.0,90.01225280761719
133,133,13.300000190734863,80.0,90.0,90.0,86.0,90.0,90.0,90.0,90.0,95.15843200683594,86.02667999267578,90.0,90.0,89.99894714355469
134,134,13.399999618530273,82.0,90.0,92.0,86.0,90.0,90.0,90.0,90.0,90.12850952148438,86.0216293334961,90.0,90.0,90.0126953125
135,135,13.5,84.0,90.0,94.0,86.0,90.0,90.0,90.0,90.0,88.85554504394531,86.02400970458984,90.0,90.0,90.00298309326172
136,136,13.600000381469727,86.0,90.0,94.0,86.0,90.0,90.0,90.0,90.0,86.7813491821289,86.01200103759766,90.0,90.0,90.004150390625
137,137,13.699999809265137,88.0,90.0,94.0,86.0,90.0,90.0,90.0,90.0,83.54353332519531,85.99968719482422,90.0,90.0,89.99905395507812
138,138,13.800000190734863,90.0,90.0,94.0,86.0,90.0,90.0,90.0,90.0,81.50453186035156,85.99877166748047,90.0,90.0,90.00733947753906
139,139,13.899999618530273,90.0,90.0,94.0,86.0,90.0,90.0,90.0,90.0,81.25654602050781,86.0093765258789,90.0,90.0,90.00151062011719
140,140,14.0,94.0,90.0,92.0,86.0,90.0,90.0,90.0,90.0,78.33834838867188,86.00306701660156,90.0,90.0,90.00615692138672
141,141,14.100000381469727,94.0,90.0,90.0,86.0,90.0,90.0,90.0,90.0,77.54989624023438,86.00082397460938,90.0,90.0,90.00051879882812
142,142,14.199999809265137,94.0,90.0,88.0,86.0,90.0,90.0,90.0,90.0,74.70417022705078,85.99967956542969,90.0,90.0,89.99642944335938
143,143,14.300000190734863,93.0,90.0,86.0,86.0,90.0,90.0,90.0,90.0,72.02241516113281,86.00469207763672,90.0,90.0,89.99752807617188
144,144,14.399999618530273,92.0,90.0,84.0,86.0,90.0,90.0,90.0,90.0,70.84940338134766,86.01654815673828,90.0,90.0,89.99004364013672
145,145,14.5,90.0,90.0,82.0,86.0,90.0,90.0,90.0,90.0,70.02931213378906,85.9954605102539,90.0,90.0,89.994873046875
146,146,14.600000381469727,89.0,90.0,80.0,86.0,90.0,90.0,90.0,90.0,67.81393432617188,86.00773620605469,90.0,90.0,89.99386596679688
147,147,14.699999809265137,87.0,90.0,78.0,86.0,90.0,90.0,90.0,90.0,63.97614288330078,86.00292205810547,90.0,90.0,89.99327087402344
148,148,14.800000190734863,90.0,90.0,76.0,86.0,90.0,90.0,90.0,90.0,63.1896858215332,86.01141357421875,90.0,90.0,89.98357391357422
149,149,14.899999618530273,84.0,90.0,74.0,86.0,90.0,90.0,90.0,90.0,60.32609558105469,86.0069808959961,90.0,90.0,90.00865936279297
150,150,15.0,82.0,90.0,72.0,86.0,90.0,90.0,90.0,90.0,81.10287475585938,86.00361633300781,90.0,90.0,90.04861450195312
151,151,15.100000381469727,80.0,90.0,70.0,86.0,90.0,90.0,90.0,90.0,76.6939697265625,86.02214050292969,90.0,90.0,90.01241302490234
152,152,15.199999809265137,78.0,90.0,68.0,86.0,90.0,90.0,90.0,90.0,75.05309295654297,86.01326751708984,90.0,90.0,90.01744079589844
153,153,15.300000190734863,76.0,90.0,66.0,86.0,90.0,90.0,90.0,90.0,73.61587524414062,85.99834442138672,90.0,90.0,90.02201843261719
154,154,15.399999618530273,74.0,90.0,64.0,86.0,90.0,90.0,90.0,90.0,71.41029357910156,85.97408294677734,90.0,90.0,90.01249694824219
155,155,15.5,72.0,90.0,62.0,86.0,90.0,90.0,90.0,90.0,68.5865478515625,85.98685455322266,90.0,90.0,90.010009765625
156,156,15.600000381469727,70.0,90.0,60.0,86.0,90.0,90.0,90.0,90.0,66.5323715209961,85.99109649658203,90.0,90.0,90.0150375366211
157,157,15.699999809265137,68.0,90.0,58.0,86.0,90.0,90.0,90.0,90.0,64.3488540649414,85.97218322753906,90.0,90.0,90.0105209350586
158,158,15.800000190734863,66.0,90.0,56.0,86.0,90.0,90.0,90.0,90.0,61.69395065307617,85.99531555175781,90.0,90.0,90.02395629882812
159,159,15.899999618530273,64.0,90.0,54.0,86.0,90.0,90.0,90.0,90.0,60.761634826660156,85.97896575927734,90.0,90.0,90.01001739501953
160,160,16.0,62.0,90.0,52.0,86.0,90.0,90.0,90.0,90.0,58.71513366699219,85.97400665283203,90.0,90.0,90.02926635742188
161,161,16.100000381469727,60.0,90.0,50.0,86.0,90.0,90.0,90.0,90.0,55.72321319580078,85.97904968261719,90.0,90.0,90.04191589355469
162,162,16.200000762939453,58.0,90.0,48.0,86.0,90.0,90.0,90.0,90.0,53.489559173583984,85.9828109741211,90.0,90.0,90.03123474121094
163,163,16.299999237060547,56.0,90.0,46.0,86.0,90.0,90.0,90.0,90.0,51.903968811035156,85.99280548095703,90.0,90.0,90.02464294433594
164,164,16.399999618530273,54.0,90.0,44.0,86.0,90.0,90.0,90.0,90.0,49.55760192871094,85.98638153076172,90.0,90.0,90.02454376220703
165,165,16.5,52.0,90.0,42.0,86.0,90.0,90.0,90.0,90.0,48.343467712402344,85.9845962524414,90.0,90.0,90.02166748046875
166,166,16.600000381469727,50.0,90.0,40.0,86.0,90.0,90.0,90.0,90.0,45.46542739868164,85.96868133544922,90.0,90.0,90.02000427246094
167,167,16.700000762939453,48.0,90.0,38.0,86.0,90.0,90.0,90.0,90.0,46.04230880737305,85.98462677001953,90.0,90.0,90.01358795166016
168,168,16.799999237060547,46.0,90.0,36.0,86.0,90.0,90.0,90.0,90.0,44.47538375854492,85.99046325683594,90.0,90.0,90.02037811279297
169,169,16.899999618530273,44.0,90.0,34.0,86.0,90.0,90.0,90.0,90.0,42.83091735839844,85.98040771484375,90.0,90.0,90.01630401611328
170,170,17.0,42.0,90.0,32.0,86.0,90.0,90.0,90.0,90.0,39.95289993286133,85.98700714111328,90.0,90.0,90.02879333496094
171,171,17.100000381469727,40.0,90.0,30.0,86.0,90.0,90.0,90.0,90.0,36.6428108215332,85.98563385009766,90.0,90.0,90.03340911865234
172,172,17.200000762939453,38.0,90.0,28.0,86.0,90.0,90.0,90.0,90.0,37.42475891113281,86.00470733642578,90.0,90.0,90.01536560058594
173,173,17.299999237060547,36.0,90.0,26.0,86.0,90.0,90.0,90.0,90.0,34.648048400878906,85.98372650146484,90.0,90.0,90.03543853759766
174,174,17.399999618530273,34.0,90.0,24.0,86.0,90.0,90.0,90.0,90.0,32.499385833740234,85.97879028320312,90.0,90.0,90.011962890625
175,175,17.5,32.0,90.0,22.0,86.0,90.0,90.0,90.0,90.0,29.260116577148438,85.98783111572266,90.0,90.0,90.0278549194336
176,176,17.600000381469727,30.0,90.0,20.0,86.0,90.0,90.0,90.0,90.0,28.152990341186523,85.97958374023438,90.0,90.0,90.01334381103516
177,177,17.700000762939453,28.0,90.0,18.0,86.0,90.0,90.0,90.0,90.0,25.669008255004883,85.9791259765625,90.0,90.0,90.01341247558594
178,178,17.799999237060547,26.0,90.0,16.0,86.0,90.0,90.0,90.0,90.0,23.495532989501953,85.97136688232422,90.0,90.0,90.0087890625
179,179,17.899999618530273,24.0,90.0,14.0,86.0,90.0,90.0,90.0,90.0,23.95118522644043,85.96514892578125,90.0,90.0,89.99629974365234
180,180,18.0,22.0,90.0,12.0,86.0,90.0,90.0,90.0,90.0,20.999408721923828,85.97315216064453,90.0,90.0,89.9946060180664
181,181,18.100000381469727,20.0,90.0,10.0,86.0,90.0,90.0,90.0,90.0,18.319215774536133,85.96553039550781,90.0,90.0,89.99068450927734
182,182,18.200000762939453,18.0,90.0,8.0,86.0,90.0,90.0,90.0,90.0,20.06174659729004,85.96857452392578,90.0,90.0,90.00410461425781
183,183,18.299999237060547,16.0,90.0,6.0,86.0,90.0,90.0,90.0,90.0,18.715499877929688,85.98097229003906,90.0,90.0,89.99993133544922
184,184,18.399999618530273,14.0,90.0,6.0,86.0,90.0,90.0,90.0,90.0,14.759048461914062,85.975830078125,90.0,90.0,89.99530792236328
185,185,18.5,12.0,90.0,8.0,86.0,90.0,90.0,90.0,90.0,13.425273895263672,85.98481750488281,90.0,90.0,89.99305725097656
186,186,18.600000381469727,11.0,90.0,10.0,86.0,90.0,90.0,90.0,90.0,11.154132843017578,85.98123931884766,90.0,90.0,89.98869323730469
187,187,18.700000762939453,90.0,90.0,12.0,86.0,90.0,90.0,90.0,90.0,14.750251770019531,85.97618103027344,90.0,90.0,90.01127624511719
188,188,18.799999237060547,10.0,90.0,14.0,86.0,90.0,90.0,90.0,90.0,17.45357322692871,85.98681640625,90.0,90.0,90.00562286376953
189,189,18.899999618530273,10.0,90.0,16.0,86.0,90.0,90.0,90.0,90.0,19.18389129638672,85.99905395507812,90.0,90.0,89.99695587158203
190,190,19.0,10.0,90.0,18.0,86.0,90.0,90.0,90.0,90.0,13.77606201171875,85.98273468017578,90.0,90.0,89.98005676269531
191,191,19.100000381469727,10.0,90.0,20.0,86.0,90.0,90.0,90.0,90.0,14.829357147216797,85.98677062988281,90.0,90.0,89.98056030273438
192,192,19.200000762939453,12.0,90.0,22.0,86.0,90.0,90.0,90.0,90.0,12.182857513427734,85.98700714111328,90.0,90.0,89.9642333984375
193,193,19.299999237060547,14.0,90.0,24.0,86.0,90.0,90.0,90.0,90.0,15.583808898925781,85.99299621582031,90.0,90.0,89.99458312988281
194,194,19.399999618530273,16.0,90.0,26.0,86.0,90.0,90.0,90.0,90.0,12.552234649658203,85.99623107910156,90.0,90.0,89.9927978515625
195,195,19.5,18.0,90.0,28.0,86.0,90.0,90.0,90.0,90.0,11.002754211425781,85.98747253417969,90.0,90.0,89.98633575439453
196,196,19.600000381469727,20.0,90.0,30.0,86.0,90.0,90.0,90.0,90.0,9.43109130859375,86.00065612792969,90.0,90.0,90.0073013305664
197,197,19.700000762939453,22.0,90.0,32.0,86.0,90.0,90.0,90.0,90.0,11.564090728759766,86.00469970703125,90.0,90.0,90.00394439697266
198,198,19.799999237060547,24.0,90.0,34.0,86.0,90.0,90.0,90.0,90.0,14.242568969726562,86.00286865234375,90.0,90.0,90.0046157836914
199,199,19.899999618530273,26.0,90.0,36.0,86.0,90.0,90.0,90.0,90.0,16.484411239624023,86.00072479248047,90.0,90.0,90.00160217285156
200,200,20.0,28.0,90.0,38.0,86.0,90.0,90.0,90.0,90.0,32.46935272216797,86.00639343261719,90.0,90.0,89.99458312988281
201,201,20.100000381469727,30.0,90.0,40.0,86.0,90.0,90.0,90.0,90.0,42.00977325439453,86.0442123413086,90.0,90.0,89.9969253540039
202,202,20.200000762939453,32.0,90.0,42.0,86.0,90.0,90.0,90.0,90.0,46.32205581665039,86.03336334228516,90.0,90.0,89.98091125488281
203,203,20.299999237060547,34.0,90.0,44.0,86.0,90.0,90.0,90.0,90.0,48.54524612426758,86.03440856933594,90.0,90.0,89.9849853515625
204,204,20.399999618530273,90.0,90.0,46.0,86.0,90.0,90.0,90.0,90.0,49.22180938720703,86.02440643310547,90.0,90.0,89.9940414428711
205,205,20.5,38.0,90.0,48.0,86.0,90.0,90.0,90.0,90.0,51.252220153808594,86.01665496826172,90.0,90.0,89.97284698486328
206,206,20.600000381469727,40.0,90.0,50.0,86.0,90.0,90.0,90.0,90.0,53.416629791259766,86.02383422851562,90.0,90.0,89.98039245605469
207,207,20.700000762939453,42.0,90.0,52.0,86.0,90.0,90.0,90.0,90.0,57.318058013916016,86.0191650390625,90.0,90.0,90.01054382324219
208,208,20.799999237060547,44.0,90.0,54.0,86.0,90.0,90.0,90.0,90.0,58.73647689819336,86.00532531738281,90.0,90.0,90.00019836425781
209,209,20.899999618530273,90.0,90.0,56.0,86.0,90.0,90.0,90.0,90.0,59.32316970825195,86.01311492919922,90.0,90.0,90.01820373535156
210,210,21.0,48.0,90.0,58.0,86.0,90.0,90.0,90.0,90.0,61.025020599365234,86.01394653320312,90.0,90.0,89.99594116210938
211,211,21.100000381469727,50.0,90.0,60.0,86.0,90.0,90.0,90.0,90.0,63.17152404785156,86.01152801513672,90.0,90.0,90.01628875732422
212,212,21.200000762939453,52.0,90.0,62.0,86.0,90.0,90.0,90.0,90.0,65.11935424804688,86.00820922851562,90.0,90.0,89.98764038085938
213,213,21.299999237060547,54.0,90.0,64.0,86.0,90.0,90.0,90.0,90.0,66.89944458007812,86.00999450683594,90.0,90.0,90.0031967163086
214,214,21.399999618530273,56.0,90.0,66.0,86.0,90.0,90.0,90.0,90.0,68.16143035888672,86.0047607421875,90.0,90.0,89.99942016601562
215,215,21.5,58.0,90.0,68.0,86.0,90.0,90.0,90.0,90.0,69.61415100097656,86.01738739013672,90.0,90.0,89.98200988769531
216,216,21.600000381469727,60.0,90.0,70.0,86.0,90.0,90.0,90.0,90.0,72.06219482421875,86.00580596923828,90.0,90.0,89.98114013671875
217,217,21.700000762939453,62.0,90.0,72.0,86.0,90.0,90.0,90.0,90.0,73.57963562011719,86.02302551269531,90.0,90.0,89.97674560546875
218,218,21.799999237060547,64.0,90.0,74.0,86.0,90.0,90.0,90.0,90.0,76.33491516113281,86.0212631225586,90.0,90.0,89.99224853515625
219,219,21.899999618530273,66.0,90.0,76.0,86.0,90.0,90.0,90.0,90.0,78.67748260498047,86.02134704589844,90.0,90.0,90.0037841796875
220,220,22.0,68.0,90.0,78.0,86.0,90.0,90.0,90.0,90.0,78.98849487304688,86.03339385986328,90.0,90.0,89.9846420288086
221,221,22.100000381469727,70.0,90.0,80.0,86.0,90.0,90.0,90.0,90.0,79.90904235839844,86.0302734375,90.0,90.0,89.98310089111328
222,222,22.200000762939453,72.0,90.0,82.0,86.0,90.0,90.0,90.0,90.0,82.65383911132812,86.0405044555664,90.0,90.0,89.99419403076172
223,223,22.299999237060547,74.0,90.0,84.0,86.0,90.0,90.0,90.0,90.0,86.0112533569336,86.04208374023438,90.0,90.0,90.00902557373047
224,224,22.399999618530273,76.0,90.0,86.0,86.0,90.0,90.0,90.0,90.0,83.7146987915039,86.02305603027344,90.0,90.0,90.01396942138672
225,225,22.5,78.0,90.0,88.0,86.0,90.0,90.0,90.0,90.0,83.80387115478516,86.030029296875,90.0,90.0,89.98480224609375
226,226,22.600000381469727,90.0,90.0,90.0,86.0,90.0,90.0,90.0,90.0,85.11949157714844,86.03199005126953,90.0,90.0,90.02841186523438
227,227,22.700000762939453,82.0,90.0,92.0,86.0,90.0,90.0,90.0,90.0,87.12930297851562,86.01399993896484,90.0,90.0,90.01019287109375
228,228,22.799999237060547,84.0,90.0,94.0,86.0,90.0,90.0,90.0,90.0,87.6016845703125,86.03153991699219,90.0,90.0,89.99148559570312
229,229,22.899999618530273,86.0,90.0,96.0,86.0,90.0,90.0,90.0,90.0,89.00346374511719,86.03804779052734,90.0,90.0,90.00080871582031
230,230,23.0,88.0,90.0,98.0,86.0,90.0,90.0,90.0,90.0,90.68128967285156,86.04898834228516,90.0,90.0,89.9840316772461
231,231,23.100000381469727,90.0,90.0,98.0,86.0,90.0,90.0,90.0,90.0,94.2230224609375,86.01569366455078,90.0,90.0,89.97439575195312
232,232,23.200000762939453,92.0,90.0,96.0,86.0,90.0,90.0,90.0,90.0,92.75486755371094,86.0467758178711,90.0,90.0,90.01446533203125
233,233,23.299999237060547,94.0,90.0,94.0,86.0,90.0,90.0,90.0,90.0,90.35682678222656,85.99532318115234,90.0,90.0,90.0079345703125
234,234,23.399999618530273,94.0,90.0,92.0,86.0,90.0,90.0,90.0,90.0,86.65901184082031,86.00651550292969,90.0,90.0,89.98703002929688
235,235,23.5,94.0,90.0,90.0,86.0,90.0,90.0,90.0,90.0,84.0013198852539,86.02631378173828,90.0,90.0,89.99534606933594
236,236,23.600000381469727,94.0,90.0,88.0,86.0,90.0,90.0,90.0,90.0,81.40397644042969,86.02761840820312,90.0,90.0,89.99176788330078
237,237,23.700000762939453,93.0,90.0,86.0,86.0,90.0,90.0,90.0,90.0,80.45230102539062,86.0290756225586,90.0,90.0,89.98321533203125
238,238,23.799999237060547,92.0,90.0,84.0,86.0,90.0,90.0,90.0,90.0,80.09540557861328,86.03691864013672,90.0,90.0,89.97611236572266
239,239,23.899999618530273,90.0,90.0,82.0,86.0,90.0,90.0,90.0,90.0,77.91725158691406,86.03846740722656,90.0,90.0,89.96669006347656
240,240,24.0,89.0,90.0,80.0,86.0,90.0,90.0,90.0,90.0,79.1844711303711,86.0605697631836,90.0,90.0,89.97085571289062
241,241,24.100000381469727,87.0,90.0,78.0,86.0,90.0,90.0,90.0,90.0,75.85124206542969,86.0223617553711,90.0,90.0,90.0046615600586
242,242,24.200000762939453,85.0,90.0,76.0,86.0,90.0,90.0,90.0,90.0,77.72908782958984,86.02420043945312,90.0,90.0,90.03099060058594
243,243,24.299999237060547,90.0,90.0,74.0,86.0,90.0,90.0,90.0,90.0,77.43733978271484,86.00841522216797,90.0,90.0,90.00899505615234
244,244,24.399999618530273,82.0,90.0,72.0,86.0,90.0,90.0,90.0,90.0,73.71537780761719,86.03071594238281,90.0,90.0,89.9996109008789
245,245,24.5,80.0,90.0,70.0,86.0,90.0,90.0,90.0,90.0,73.05500030517578,86.02676391601562,90.0,90.0,90.00609588623047
246,246,24.600000381469727,78.0,90.0,68.0,86.0,90.0,90.0,90.0,90.0,70.18377685546875,86.0338134765625,90.0,90.0,89.9962387084961
247,247,24.700000762939453,76.0,90.0,66.0,86.0,90.0,90.0,90.0,90.0,69.62205505371094,86.02711486816406,90.0,90.0,90.01289367675781
248,248,24.799999237060547,74.0,90.0,64.0,86.0,90.0,90.0,90.0,90.0,68.43537902832031,86.03315734863281,90.0,90.0,90.00862121582031
249,249,24.899999618530273,72.0,90.0,62.0,86.0,90.0,90.0,90.0,90.0,66.3968276977539,86.03491973876953,90.0,90.0,89.96818542480469
250,250,25.0,70.0,90.0,60.0,86.0,90.0,90.0,90.0,90.0,62.15034103393555,85.99614715576172,90.0,90.0,89.9718017578125
251,251,25.100000381469727,68.0,90.0,58.0,86.0,90.0,90.0,90.0,90.0,59.5712776184082,86.01763916015625,90.0,90.0,89.9618148803711
252,252,25.200000762939453,90.0,90.0,56.0,86.0,90.0,90.0,90.0,90.0,56.23615264892578,86.00786590576172,90.0,90.0,89.99495697021484
253,253,25.299999237060547,64.0,90.0,54.0,86.0,90.0,90.0,90.0,90.0,54.15336227416992,85.99806213378906,90.0,90.0,90.01480102539062
254,254,25.399999618530273,62.0,90.0,52.0,86.0,90.0,90.0,90.0,90.0,52.217342376708984,86.00731658935547,90.0,90.0,89.99996185302734
255,255,25.5,60.0,90.0,50.0,86.0,90.0,90.0,90.0,90.0,51.23523712158203,86.00057983398438,90.0,90.0,90.01483154296875
256,256,25.600000381469727,58.0,90.0,48.0,86.0,90.0,90.0,90.0,90.0,50.1783447265625,85.99269104003906,90.0,90.0,90.00595092773438
257,257,25.700000762939453,56.0,90.0,46.0,86.0,90.0,90.0,90.0,90.0,48.4776725769043,86.00760650634766,90.0,90.0,90.01921081542969
258,258,25.799999237060547,54.0,90.0,44.0,86.0,90.0,90.0,90.0,90.0,47.481353759765625,85.99888610839844,90.0,90.0,90.02684020996094
259,259,25.899999618530273,52.0,90.0,42.0,86.0,90.0,90.0,90.0,90.0,45.88101577758789,86.00242614746094,90.0,90.0,90.01275634765625
260,260,26.0,50.0,90.0,40.0,86.0,90.0,90.0,90.0,90.0,43.89937973022461,86.00032043457031,90.0,90.0,90.0152359008789
261,261,26.100000381469727,90.0,90.0,38.0,86.0,90.0,90.0,90.0,90.0,41.94657897949219,86.00502014160156,90.0,90.0,90.00377655029297
262,262,26.200000762939453,46.0,90.0,36.0,86.0,90.0,90.0,90.0,90.0,39.99217224121094,86.00211334228516,90.0,90.0,90.01040649414062
263,263,26.299999237060547,44.0,90.0,34.0,86.0,90.0,90.0,90.0,90.0,36.45814895629883,85.99579620361328,90.0,90.0,90.00902557373047
264,264,26.399999618530273,42.0,90.0,32.0,86.0,90.0,90.0,90.0,90.0,34.184993743896484,85.99292755126953,90.0,90.0,89.99767303466797
265,265,26.5,40.0,90.0,30.0,86.0,90.0,90.0,90.0,90.0,31.609424591064453,85.99012756347656,90.0,90.0,90.01414489746094
266,266,26.600000381469727,38.0,90.0,28.0,86.0,90.0,90.0,90.0,90.0,30.837705612182617,85.99278259277344,90.0,90.0,89.99687194824219
267,267,26.700000762939453,36.0,90.0,26.0,86.0,90.0,90.0,90.0,90.0,28.26743507385254,85.9864273071289,90.0,90.0,89.98878479003906
268,268,26.799999237060547,34.0,90.0,24.0,86.0,90.0,90.0,90.0,90.0,26.741071701049805,85.9795150756836,90.0,90.0,89.98738861083984
269,269,26.899999618530273,90.0,90.0,22.0,86.0,90.0,90.0,90.0,90.0,24.683876037597656,85.98433685302734,90.0,90.0,89.99834442138672
270,270,27.0,30.0,90.0,20.0,86.0,90.0,90.0,90.0,90.0,22.766141891479492,85.98995971679688,90.0,90.0,90.00325012207031
271,271,27.100000381469727,28.0,90.0,18.0,86.0,90.0,90.0,90.0,90.0,21.144765853881836,85.99131774902344,90.0,90.0,89.99110412597656
272,272,27.200000762939453,26.0,90.0,16.0,86.0,90.0,90.0,90.0,90.0,18.51938819885254,85.99006652832031,90.0,90.0,89.99759674072266
273,273,27.299999237060547,24.0,90.0,14.0,86.0,90.0,90.0,90.0,90.0,16.356096267700195,85.98799896240234,90.0,90.0,89.99674987792969
274,274,27.399999618530273,90.0,90.0,12.0,86.0,90.0,90.0,90.0,90.0,15.705623626708984,85.98992919921875,90.0,90.0,89.99258422851562
275,275,27.5,20.0,90.0,10.0,86.0,90.0,90.0,90.0,90.0,13.144123077392578,85.98738861083984,90.0,90.0,90.00608825683594
276,276,27.600000381469727,18.0,90.0,8.0,86.0,90.0,90.0,90.0,90.0,10.826667785644531,85.99893188476562,90.0,90.0,90.005615234375
277,277,27.700000762939453,16.0,90.0,6.0,86.0,90.0,90.0,90.0,90.0,7.717613220214844,85.97079467773438,90.0,90.0,89.99431610107422
278,278,27.799999237060547,15.0,90.0,4.0,86.0,90.0,90.0,90.0,90.0,6.361328125,85.99254608154297,90.0,90.0,90.00537872314453
279,279,27.899999618530273,12.0,90.0,2.0,86.0,90.0,90.0,90.0,90.0,4.543678283691406,85.9957046508789,90.0,90.0,90.0037841796875
280,280,28.0,11.0,90.0,0.0,86.0,90.0,90.0,90.0,90.0,1.9528656005859375,85.98572540283203,90.0,90.0,89.99050903320312
281,281,28.100000381469727,9.0,90.0,0.0,86.0,90.0,90.0,90.0,90.0,0.5471458435058594,85.98170471191406,90.0,90.0,89.9920883178711
282,282,28.200000762939453,6.0,90.0,0.0,86.0,90.0,90.0,90.0,90.0,2.714160919189453,85.98484802246094,90.0,90.0,89.99299621582031
283,283,28.299999237060547,4.0,90.0,0.0,86.0,90.0,90.0,90.0,90.0,2.6145858764648438,86.00077819824219,90.0,90.0,89.98807525634766
284,284,28.399999618530273,2.0,90.0,0.0,86.0,90.0,90.0,90.0,90.0,2.4419403076171875,85.9922103881836,90.0,90.0,89.98605346679688
285,285,28.5,0.0,90.0,0.0,86.0,90.0,90.0,90.0,90.0,5.121482849121094,85.99405670166016,90.0,90.0,89.98298645019531
286,286,28.600000381469727,90.0,90.0,0.0,86.0,90.0,90.0,90.0,90.0,5.401737213134766,86.00196838378906,90.0,90.0,89.99189758300781
287,287,28.700000762939453,0.0,90.0,2.0,86.0,90.0,90.0,90.0,90.0,9.925823211669922,86.01097106933594,90.0,90.0,89.9820556640625
288,288,28.799999237060547,0.0,90.0,4.0,86.0,90.0,90.0,90.0,90.0,14.305595397949219,86.0130386352539,90.0,90.0,89.98432159423828
289,289,28.899999618530273,0.0,90.0,6.0,86.0,90.0,90.0,90.0,90.0,16.88273048400879,86.00460052490234,90.0,90.0,89.9828109741211
290,290,29.0,0.0,90.0,8.0,86.0,90.0,90.0,90.0,90.0,19.32760238647461,86.00479888916016,90.0,90.0,89.97948455810547
291,291,29.100000381469727,90.0,90.0,10.0,86.0,90.0,90.0,90.0,90.0,20.222209930419922,86.01000213623047,90.0,90.0,89.98875427246094
292,292,29.200000762939453,2.0,90.0,12.0,86.0,90.0,90.0,90.0,90.0,22.229888916015625,86.01006317138672,90.0,90.0,89.99613952636719
293,293,29.299999237060547,4.0,90.0,14.0,86.0,90.0,90.0,90.0,90.0,22.659624099731445,85.99224853515625,90.0,90.0,89.9942626953125
294,294,29.399999618530273,6.0,90.0,16.0,86.0,90.0,90.0,90.0,90.0,23.661605834960938,85.99226379394531,90.0,90.0,89.99931335449219
295,295,29.5,8.0,90.0,18.0,86.0,90.0,90.0,90.0,90.0,24.331953048706055,85.99068450927734,90.0,90.0,89.99120330810547
296,296,29.600000381469727,10.0,90.0,20.0,86.0,90.0,90.0,90.0,90.0,24.40190315246582,85.97738647460938,90.0,90.0,89.98693084716797
297,297,29.700000762939453,12.0,90.0,22.0,86.0,90.0,90.0,90.0,90.0,26.267236709594727,85.97805786132812,90.0,90.0,89.98230743408203
298,298,29.799999237060547,14.0,90.0,24.0,86.0,90.0,90.0,90.0,90.0,28.683082580566406,85.98165893554688,90.0,90.0,89.98533630371094
299,299,29.899999618530273,16.0,90.0,26.0,86.0,90.0,90.0,90.0,90.0,26.721776962280273,85.98497009277344,90.0,90.0,89.9856185913086
300,300,30.0,90.0,90.0,28.0,86.0,90.0,90.0,90.0,90.0,35.84695816040039,86.05557250976562,90.0,90.0,90.00192260742188
301,301,30.100000381469727,20.0,90.0,30.0,86.0,90.0,90.0,90.0,90.0,38.409751892089844,86.03910827636719,90.0,90.0,90.01113891601562
302,302,30.200000762939453,22.0,90.0,32.0,86.0,90.0,90.0,90.0,90.0,39.713741302490234,86.05180358886719,90.0,90.0,89.99540710449219
303,303,30.299999237060547,24.0,90.0,34.0,86.0,90.0,90.0,90.0,90.0,37.739227294921875,86.03897857666016,90.0,90.0,90.0129165649414
304,304,30.399999618530273,26.0,90.0,36.0,86.0,90.0,90.0,90.0,90.0,42.71841812133789,86.05367279052734,90.0,90.0,89.98350524902344
305,305,30.5,28.0,90.0,38.0,86.0,90.0,90.0,90.0,90.0,45.739990234375,86.04511260986328,90.0,90.0,90.00010681152344
306,306,30.600000381469727,30.0,90.0,40.0,86.0,90.0,90.0,90.0,90.0,45.06085205078125,86.03433990478516,90.0,90.0,89.99614715576172
307,307,30.700000762939453,32.0,90.0,42.0,86.0,90.0,90.0,90.0,90.0,48.56645965576172,86.04759216308594,90.0,90.0,89.99101257324219
308,308,30.799999237060547,34.0,90.0,44.0,86.0,90.0,90.0,90.0,90.0,52.203346252441406,86.04424285888672,90.0,90.0,89.99835968017578
309,309,30.899999618530273,36.0,90.0,46.0,86.0,90.0,90.0,90.0,90.0,55.279090881347656,86.04071807861328,90.0,90.0,90.01778411865234
310,310,31.0,38.0,90.0,48.0,86.0,90.0,90.0,90.0,90.0,56.94585037231445,86.04849243164062,90.0,90.0,89.99690246582031
311,311,31.100000381469727,40.0,90.0,50.0,86.0,90.0,90.0,90.0,90.0,55.48579788208008,86.03856658935547,90.0,90.0,90.01818084716797
312,312,31.200000762939453,42.0,90.0,52.0,86.0,90.0,90.0,90.0,90.0,55.426490783691406,86.04875946044922,90.0,90.0,90.01394653320312
313,313,31.299999237060547,90.0,90.0,54.0,86.0,90.0,90.0,90.0,90.0,58.77031707763672,86.04927825927734,90.0,90.0,90.01338958740234
314,314,31.399999618530273,46.0,90.0,56.0,86.0,90.0,90.0,90.0,90.0,61.44600296020508,86.03337097167969,90.0,90.0,90.03490447998047
315,315,31.5,48.0,90.0,58.0,86.0,90.0,90.0,90.0,90.0,62.33356475830078,86.035888671875,90.0,90.0,90.01237487792969
316,316,31.600000381469727,50.0,90.0,60.0,86.0,90.0,90.0,90.0,90.0,63.889949798583984,86.03325653076172,90.0,90.0,90.01800537109375
317,317,31.700000762939453,52.0,90.0,62.0,86.0,90.0,90.0,90.0,90.0,64.42219543457031,86.02503967285156,90.0,90.0,90.0078353881836
318,318,31.799999237060547,54.0,90.0,64.0,86.0,90.0,90.0,90.0,90.0,64.35086059570312,86.03651428222656,90.0,90.0,90.00953674316406
319,319,31.899999618530273,56.0,90.0,66.0,86.0,90.0,90.0,90.0,90.0,66.51405334472656,86.02659606933594,90.0,90.0,90.02420806884766
320,320,32.0,58.0,90.0,68.0,86.0,90.0,90.0,90.0,90.0,65.953857421875,86.0344467163086,90.0,90.0,90.0079574584961
321,321,32.099998474121094,60.0,90.0,70.0,86.0,90.0,90.0,90.0,90.0,67.05696105957031,86.02850341796875,90.0,90.0,90.02105712890625
322,322,32.20000076293945,90.0,90.0,72.0,86.0,90.0,90.0,90.0,90.0,67.77649688720703,86.02571868896484,90.0,90.0,90.02835083007812
323,323,32.29999923706055,64.0,90.0,74.0,86.0,90.0,90.0,90.0,90.0,69.9080810546875,86.02874755859375,90.0,90.0,90.0115966796875
324,324,32.400001525878906,66.0,90.0,76.0,86.0,90.0,90.0,90.0,90.0,70.45756530761719,86.02555847167969,90.0,90.0,90.02603149414062
325,325,32.5,68.0,90.0,78.0,86.0,90.0,90.0,90.0,90.0,69.80976104736328,86.03607940673828,90.0,90.0,90.05272674560547
326,326,32.599998474121094,70.0,90.0,80.0,86.0,90.0,90.0,90.0,90.0,72.3603515625,86.02473449707031,90.0,90.0,90.02997589111328
327,327,32.70000076293945,72.0,90.0,82.0,86.0,90.0,90.0,90.0,90.0,73.97624206542969,86.01785278320312,90.0,90.0,90.04029083251953
328,328,32.79999923706055,74.0,90.0,84.0,86.0,90.0,90.0,90.0,90.0,79.4688720703125,86.0263900756836,90.0,90.0,90.03545379638672
329,329,32.900001525878906,76.0,90.0,86.0,86.0,90.0,90.0,90.0,90.0,77.93309020996094,86.02349853515625,90.0,90.0,90.02873992919922
330,330,33.0,90.0,90.0,88.0,86.0,90.0,90.0,90.0,90.0,78.62924194335938,86.02661895751953,90.0,90.0,90.04010772705078
331,331,33.099998474121094,80.0,90.0,90.0,86.0,90.0,90.0,90.0,90.0,80.08633422851562,86.02012634277344,90.0,90.0,90.03006744384766
332,332,33.20000076293945,82.0,90.0,90.0,86.0,90.0,90.0,90.0,90.0,82.90621185302734,86.0235366821289,90.0,90.0,90.03816223144531
333,333,33.29999923706055,84.0,90.0,90.0,86.0,90.0,90.0,90.0,90.0,81.21332550048828,86.03326416015625,90.0,90.0,90.03742980957031
334,334,33.400001525878906,86.0,90.0,88.0,86.0,90.0,90.0,90.0,90.0,79.75836181640625,86.03048706054688,90.0,90.0,90.02922821044922
335,335,33.5,88.0,90.0,86.0,86.0,90.0,90.0,90.0,90.0,78.43031311035156,86.02338409423828,90.0,90.0,90.01480865478516
336,336,33.599998474121094,88.0,90.0,84.0,86.0,90.0,90.0,90.0,90.0,81.64018249511719,86.00519561767578,90.0,90.0,90.03620147705078
337,337,33.70000076293945,88.0,90.0,82.0,86.0,90.0,90.0,90.0,90.0,82.01954650878906,86.0192642211914,90.0,90.0,90.03785705566406
338,338,33.79999923706055,87.0,90.0,80.0,86.0,90.0,90.0,90.0,90.0,84.97329711914062,86.02918243408203,90.0,90.0,90.02365112304688
339,339,33.900001525878906,90.0,90.0,78.0,86.0,90.0,90.0,90.0,90.0,81.4034423828125,86.01952362060547,90.0,90.0,90.01815032958984
340,340,34.0,84.0,90.0,76.0,86.0,90.0,90.0,90.0,90.0,81.74018859863281,86.02608489990234,90.0,90.0,90.0260238647461
341,341,34.099998474121094,83.0,90.0,74.0,86.0,90.0,90.0,90.0,90.0,78.72853088378906,86.0242691040039,90.0,90.0,90.02252960205078
342,342,34.20000076293945,81.0,90.0,72.0,86.0,90.0,90.0,90.0,90.0,76.8809814453125,86.02430725097656,90.0,90.0,90.02496337890625
343,343,34.29999923706055,79.0,90.0,70.0,86.0,90.0,90.0,90.0,90.0,75.18851470947266,86.01983642578125,90.0,90.0,90.02610778808594
344,344,34.400001525878906,78.0,90.0,68.0,86.0,90.0,90.0,90.0,90.0,74.95401000976562,86.00834655761719,90.0,90.0,90.0315933227539
345,345,34.5,76.0,90.0,66.0,86.0,90.0,90.0,90.0,90.0,73.79400634765625,86.01835632324219,90.0,90.0,90.0114517211914
346,346,34.599998474121094,74.0,90.0,64.0,86.0,90.0,90.0,90.0,90.0,72.06566619873047,85.99898529052734,90.0,90.0,90.01496887207031
347,347,34.70000076293945,72.0,90.0,62.0,86.0,90.0,90.0,90.0,90.0,70.6712646484375,86.00159454345703,90.0,90.0,90.00157165527344
348,348,34.79999923706055,90.0,90.0,60.0,86.0,90.0,90.0,90.0,90.0,67.56904602050781,85.99148559570312,90.0,90.0,90.00142669677734
349,349,34.900001525878906,68.0,90.0,58.0,86.0,90.0,90.0,90.0,90.0,64.39818572998047,85.99531555175781,90.0,90.0,90.01070404052734
350,350,35.0,66.0,90.0,56.0,86.0,90.0,90.0,90.0,90.0,55.73898696899414,85.97771453857422,90.0,90.0,89.96649169921875
351,351,35.099998474121094,64.0,90.0,54.0,86.0,90.0,90.0,90.0,90.0,54.38053512573242,85.99420928955078,90.0,90.0,89.97340393066406
352,352,35.20000076293945,62.0,90.0,52.0,86.0,90.0,90.0,90.0,90.0,52.7762336730957,85.99947357177734,90.0,90.0,89.98524475097656
353,353,35.29999923706055,60.0,90.0,50.0,86.0,90.0,90.0,90.0,90.0,51.33989334106445,85.9962158203125,90.0,90.0,89.99491119384766
354,354,35.400001525878906,58.0,90.0,48.0,86.0,90.0,90.0,90.0,90.0,48.3609504699707,86.00474548339844,90.0,90.0,89.98914337158203
355,355,35.5,56.0,90.0,46.0,86.0,90.0,90.0,90.0,90.0,46.555152893066406,85.98458099365234,90.0,90.0,89.9889144897461
356,356,35.599998474121094,90.0,90.0,44.0,86.0,90.0,90.0,90.0,90.0,45.87293243408203,85.98750305175781,90.0,90.0,89.99288940429688
357,357,35.70000076293945,52.0,90.0,42.0,86.0,90.0,90.0,90.0,90.0,43.61939239501953,85.98131561279297,90.0,90.0,89.9884262084961
358,358,35.79999923706055,50.0,90.0,40.0,86.0,90.0,90.0,90.0,90.0,41.58826446533203,85.98100280761719,90.0,90.0,89.9982681274414
359,359,35.900001525878906,48.0,90.0,38.0,86.0,90.0,90.0,90.0,90.0,38.7152214050293,85.98684692382812,90.0,90.0,90.00627899169922
360,360,36.0,46.0,90.0,36.0,86.0,90.0,90.0,90.0,90.0,35.88607406616211,85.98185729980469,90.0,90.0,89.99925994873047
361,361,36.099998474121094,44.0,90.0,34.0,86.0,90.0,90.0,90.0,90.0,33.11667251586914,85.98297882080078,90.0,90.0,89.99569702148438
362,362,36.20000076293945,42.0,90.0,32.0,86.0,90.0,90.0,90.0,90.0,31.058185577392578,85.98152923583984,90.0,90.0,89.99311828613281
363,363,36.29999923706055,40.0,90.0,30.0,86.0,90.0,90.0,90.0,90.0,28.783870697021484,85.97911834716797,90.0,90.0,89.97113037109375
364,364,36.400001525878906,38.0,90.0,28.0,86.0,90.0,90.0,90.0,90.0,26.064369201660156,85.9815444946289,90.0,90.0,89.97875213623047
365,365,36.5,36.0,90.0,26.0,86.0,90.0,90.0,90.0,90.0,23.800085067749023,85.98046875,90.0,90.0,89.98118591308594
366,366,36.599998474121094,34.0,90.0,24.0,86.0,90.0,90.0,90.0,90.0,21.739442825317383,85.98916625976562,90.0,90.0,89.96471405029297
367,367,36.70000076293945,32.0,90.0,22.0,86.0,90.0,90.0,90.0,90.0,17.75633430480957,85.96764373779297,90.0,90.0,89.98394012451172
368,368,36.79999923706055,30.0,90.0,20.0,86.0,90.0,90.0,90.0,90.0,17.373640060424805,85.98561096191406,90.0,90.0,89.9813003540039
369,369,36.900001525878906,28.0,90.0,18.0,86.0,90.0,90.0,90.0,90.0,15.776805877685547,85.98389434814453,90.0,90.0,89.97857666015625
370,370,37.0,26.0,90.0,16.0,86.0,90.0,90.0,90.0,90.0,13.46297836303711,85.9865493774414,90.0,90.0,89.97359466552734
371,371,37.099998474121094,24.0,90.0,14.0,86.0,90.0,90.0,90.0,90.0,12.587890625,85.99198150634766,90.0,90.0,89.96807098388672
372,372,37.20000076293945,22.0,90.0,12.0,86.0,90.0,90.0,90.0,90.0,10.311431884765625,86.0018081665039,90.0,90.0,89.9862289428711
373,373,37.29999923706055,20.0,90.0,10.0,86.0,90.0,90.0,90.0,90.0,10.551868438720703,85.9870376586914,90.0,90.0,89.97042846679688
374,374,37.400001525878906,18.0,90.0,8.0,86.0,90.0,90.0,90.0,90.0,6.482456207275391,85.9999771118164,90.0,90.0,89.97625732421875
375,375,37.5,16.0,90.0,6.0,86.0,90.0,90.0,90.0,90.0,6.362602233886719,85.9961929321289,90.0,90.0,89.98928833007812
376,376,37.599998474121094,14.0,90.0,4.0,86.0,90.0,90.0,90.0,90.0,6.384483337402344,86.005615234375,90.0,90.0,89.96224975585938
377,377,37.70000076293945,12.0,90.0,2.0,86.0,90.0,90.0,90.0,90.0,6.124664306640625,85.99762725830078,90.0,90.0,89.97919464111328
378,378,37.79999923706055,11.0,90.0,0.0,86.0,90.0,90.0,90.0,90.0,6.762020111083984,86.00189208984375,90.0,90.0,89.95726776123047
379,379,37.900001525878906,9.0,90.0,0.0,86.0,90.0,90.0,90.0,90.0,3.663116455078125,86.00665283203125,90.0,90.0,89.96944427490234
380,380,38.0,6.0,90.0,0.0,86.0,90.0,90.0,90.0,90.0,6.9771881103515625,85.98102569580078,90.0,90.0,89.97679901123047
381,381,38.099998474121094,5.0,90.0,0.0,86.0,90.0,90.0,90.0,90.0,9.46392822265625,85.97895050048828,90.0,90.0,89.97334289550781
382,382,38.20000076293945,90.0,90.0,2.0,86.0,90.0,90.0,90.0,90.0,9.19747543334961,85.99197387695312,90.0,90.0,89.97962951660156
383,383,38.29999923706055,1.0,90.0,4.0,86.0,90.0,90.0,90.0,90.0,10.123287200927734,85.9843978881836,90.0,90.0,89.9798583984375
384,384,38.400001525878906,1.0,90.0,6.0,86.0,90.0,90.0,90.0,90.0,11.810035705566406,85.98455047607422,90.0,90.0,89.97638702392578
385,385,38.5,1.0,90.0,8.0,86.0,90.0,90.0,90.0,90.0,15.721302032470703,85.99293518066406,90.0,90.0,89.97463989257812
386,386,38.599998474121094,1.0,90.0,10.0,86.0,90.0,90.0,90.0,90.0,17.576650619506836,85.9771728515625,90.0,90.0,89.96387481689453
387,387,38.70000076293945,90.0,90.0,12.0,86.0,90.0,90.0,90.0,90.0,16.027103424072266,85.98798370361328,90.0,90.0,89.9645004272461
388,388,38.79999923706055,4.0,90.0,14.0,86.0,90.0,90.0,90.0,90.0,16.189416885375977,85.99272918701172,90.0,90.0,89.97852325439453
389,389,38.900001525878906,6.0,90.0,16.0,86.0,90.0,90.0,90.0,90.0,15.226303100585938,85.9993896484375,90.0,90.0,89.97928619384766
390,390,39.0,8.0,90.0,18.0,86.0,90.0,90.0,90.0,90.0,16.511734008789062,85.99507141113281,90.0,90.0,89.98265075683594
391,391,39.099998474121094,10.0,90.0,20.0,86.0,90.0,90.0,90.0,90.0,16.725290298461914,86.00125122070312,90.0,90.0,89.9886703491211
392,392,39.20000076293945,12.0,90.0,22.0,86.0,90.0,90.0,90.0,90.0,15.041046142578125,86.00110626220703,90.0,90.0,90.00212097167969
393,393,39.29999923706055,14.0,90.0,24.0,86.0,90.0,90.0,90.0,90.0,14.851024627685547,86.00110626220703,90.0,90.0,89.99991607666016
394,394,39.400001525878906,16.0,90.0,26.0,86.0,90.0,90.0,90.0,90.0,19.079341888427734,86.00172424316406,90.0,90.0,90.00244903564453
395,395,39.5,18.0,90.0,28.0,86.0,90.0,90.0,90.0,90.0,21.43349838256836,85.99986267089844,90.0,90.0,90.01551818847656
396,396,39.599998474121094,90.0,90.0,30.0,86.0,90.0,90.0,90.0,90.0,25.19536781311035,85.9958267211914,90.0,90.0,90.01478576660156
397,397,39.70000076293945,22.0,90.0,32.0,86.0,90.0,90.0,90.0,90.0,30.073453903198242,86.01121520996094,90.0,90.0,89.99239349365234
398,398,39.79999923706055,24.0,90.0,34.0,86.0,90.0,90.0,90.0,90.0,33.73662567138672,86.01367950439453,90.0,90.0,89.99118041992188
399,399,39.900001525878906,26.0,90.0,36.0,86.0,90.0,90.0,90.0,90.0,37.415985107421875,86.00334167480469,90.0,90.0,89.984619140625
